Team 1,Team 2,Winner,Margin,Ground,Match Date,Scorecard,Scorecard Link
West Indies,Ireland,West Indies,24 runs,Kingston,"Jan 8, 2022",4339,https://www.espncricinfo.com/series/ireland-in-usa-and-west-indies-2021-22-1291182/west-indies-vs-ireland-1st-odi-1277085/full-scorecard
West Indies,Ireland,Ireland,5 wickets,Kingston,"Jan 13, 2022",4340,https://www.espncricinfo.com/series/ireland-in-usa-and-west-indies-2021-22-1291182/west-indies-vs-ireland-2nd-odi-1277086/full-scorecard
Sri Lanka,Zimbabwe,Sri Lanka,5 wickets,Pallekele,"Jan 16, 2022",4341,https://www.espncricinfo.com/series/zimbabwe-in-sri-lanka-2021-22-1294726/sri-lanka-vs-zimbabwe-1st-odi-1294969/full-scorecard
West Indies,Ireland,Ireland,2 wickets,Kingston,"Jan 16, 2022",4342,https://www.espncricinfo.com/series/ireland-in-usa-and-west-indies-2021-22-1291182/west-indies-vs-ireland-3rd-odi-1277087/full-scorecard
Sri Lanka,Zimbabwe,Zimbabwe,22 runs,Pallekele,"Jan 18, 2022",4343,https://www.espncricinfo.com/series/zimbabwe-in-sri-lanka-2021-22-1294726/sri-lanka-vs-zimbabwe-2nd-odi-1294970/full-scorecard
South Africa,India,South Africa,31 runs,Paarl,"Jan 19, 2022",4344,https://www.espncricinfo.com/series/india-in-south-africa-2021-22-1277060/south-africa-vs-india-1st-odi-1277082/full-scorecard
Afghanistan,Netherlands,Afghanistan,36 runs,Doha,"Jan 21, 2022",4345,https://www.espncricinfo.com/series/afghanistan-v-netherlands-2021-22-1295178/afghanistan-vs-netherlands-1st-odi-1295181/full-scorecard
South Africa,India,South Africa,7 wickets,Paarl,"Jan 21, 2022",4346,https://www.espncricinfo.com/series/india-in-south-africa-2021-22-1277060/south-africa-vs-india-2nd-odi-1277083/full-scorecard
Sri Lanka,Zimbabwe,Sri Lanka,184 runs,Pallekele,"Jan 21, 2022",4347,https://www.espncricinfo.com/series/zimbabwe-in-sri-lanka-2021-22-1294726/sri-lanka-vs-zimbabwe-3rd-odi-1294971/full-scorecard
Afghanistan,Netherlands,Afghanistan,48 runs,Doha,"Jan 23, 2022",4348,https://www.espncricinfo.com/series/afghanistan-v-netherlands-2021-22-1295178/afghanistan-vs-netherlands-2nd-odi-1295182/full-scorecard
South Africa,India,South Africa,4 runs,Cape Town,"Jan 23, 2022",4349,https://www.espncricinfo.com/series/india-in-south-africa-2021-22-1277060/south-africa-vs-india-3rd-odi-1277084/full-scorecard
Afghanistan,Netherlands,Afghanistan,75 runs,Doha,"Jan 25, 2022",4350,https://www.espncricinfo.com/series/afghanistan-v-netherlands-2021-22-1295178/afghanistan-vs-netherlands-3rd-odi-1295183/full-scorecard
Oman,U.A.E.,U.A.E.,4 wickets,Al Amerat,"Feb 5, 2022",4351,https://www.espncricinfo.com/series/world-cup-league-2-2019-2023-1196667/oman-vs-united-arab-emirates-57th-match-1299586/full-scorecard
Oman,U.A.E.,U.A.E.,4 wickets,Al Amerat,"Feb 6, 2022",4352,https://www.espncricinfo.com/series/world-cup-league-2-2019-2023-1196667/oman-vs-united-arab-emirates-58th-match-1299587/full-scorecard
India,West Indies,India,6 wickets,Ahmedabad,"Feb 6, 2022",4353,https://www.espncricinfo.com/series/west-indies-in-india-2021-22-1278661/india-vs-west-indies-1st-odi-1278676/full-scorecard
Oman,U.A.E.,tied,-,Al Amerat,"Feb 8, 2022",4354,https://www.espncricinfo.com/series/world-cup-league-2-2019-2023-1196667/oman-vs-united-arab-emirates-59th-match-1299588/full-scorecard
India,West Indies,India,44 runs,Ahmedabad,"Feb 9, 2022",4355,https://www.espncricinfo.com/series/west-indies-in-india-2021-22-1278661/india-vs-west-indies-2nd-odi-1278677/full-scorecard
India,West Indies,India,96 runs,Ahmedabad,"Feb 11, 2022",4356,https://www.espncricinfo.com/series/west-indies-in-india-2021-22-1278661/india-vs-west-indies-3rd-odi-1278678/full-scorecard
Bangladesh,Afghanistan,Bangladesh,4 wickets,Chattogram,"Feb 23, 2022",4357,https://www.espncricinfo.com/series/afghanistan-in-bangladesh-2021-22-1299826/bangladesh-vs-afghanistan-1st-odi-1299829/full-scorecard
Bangladesh,Afghanistan,Bangladesh,88 runs,Chattogram,"Feb 25, 2022",4358,https://www.espncricinfo.com/series/afghanistan-in-bangladesh-2021-22-1299826/bangladesh-vs-afghanistan-2nd-odi-1299830/full-scorecard
Bangladesh,Afghanistan,Afghanistan,7 wickets,Chattogram,"Feb 28, 2022",4359,https://www.espncricinfo.com/series/afghanistan-in-bangladesh-2021-22-1299826/bangladesh-vs-afghanistan-3rd-odi-1299831/full-scorecard
U.A.E.,Oman,Oman,12 runs,ICCA Dubai,"Mar 5, 2022",4360,https://www.espncricinfo.com/series/world-cup-league-2-2019-2023-1196667/united-arab-emirates-vs-oman-60th-match-1302616/full-scorecard
Namibia,Oman,Namibia,110 runs,ICCA Dubai,"Mar 6, 2022",4361,https://www.espncricinfo.com/series/world-cup-league-2-2019-2023-1196667/namibia-vs-oman-61st-match-1302617/full-scorecard
U.A.E.,Namibia,U.A.E.,3 wickets,ICCA Dubai,"Mar 8, 2022",4362,https://www.espncricinfo.com/series/world-cup-league-2-2019-2023-1196667/united-arab-emirates-vs-namibia-62nd-match-1302618/full-scorecard
U.A.E.,Oman,Oman,8 runs,ICCA Dubai,"Mar 9, 2022",4363,https://www.espncricinfo.com/series/world-cup-league-2-2019-2023-1196667/united-arab-emirates-vs-oman-63rd-match-1302619/full-scorecard
Namibia,Oman,Oman,7 wickets,Sharjah,"Mar 11, 2022",4364,https://www.espncricinfo.com/series/world-cup-league-2-2019-2023-1196667/namibia-vs-oman-64th-match-1302620/full-scorecard
U.A.E.,Namibia,U.A.E.,43 runs,Sharjah,"Mar 12, 2022",4365,https://www.espncricinfo.com/series/world-cup-league-2-2019-2023-1196667/united-arab-emirates-vs-namibia-65th-match-1302621/full-scorecard
Namibia,Oman,Namibia,5 wickets,Dubai (DSC),"Mar 14, 2022",4366,https://www.espncricinfo.com/series/world-cup-league-2-2019-2023-1196667/namibia-vs-oman-66th-match-1302622/full-scorecard
U.A.E.,P.N.G.,U.A.E.,7 wickets,Sharjah,"Mar 15, 2022",4367,https://www.espncricinfo.com/series/world-cup-league-2-2019-2023-1196667/united-arab-emirates-vs-papua-new-guinea-67th-match-1302623/full-scorecard
Nepal,P.N.G.,Nepal,2 wickets,Sharjah,"Mar 16, 2022",4368,https://www.espncricinfo.com/series/world-cup-league-2-2019-2023-1196667/nepal-vs-papua-new-guinea-68th-match-1302624/full-scorecard
U.A.E.,Nepal,U.A.E.,48 runs,Dubai (DSC),"Mar 18, 2022",4369,https://www.espncricinfo.com/series/world-cup-league-2-2019-2023-1196667/united-arab-emirates-vs-nepal-69th-match-1302625/full-scorecard
South Africa,Bangladesh,Bangladesh,38 runs,Centurion,"Mar 18, 2022",4370,https://www.espncricinfo.com/series/bangladesh-in-south-africa-2021-22-1277070/south-africa-vs-bangladesh-1st-odi-1277097/full-scorecard
U.A.E.,P.N.G.,P.N.G.,6 wickets,Dubai (DSC),"Mar 19, 2022",4371,https://www.espncricinfo.com/series/world-cup-league-2-2019-2023-1196667/united-arab-emirates-vs-papua-new-guinea-70th-match-1302626/full-scorecard
South Africa,Bangladesh,South Africa,7 wickets,Johannesburg,"Mar 20, 2022",4372,https://www.espncricinfo.com/series/bangladesh-in-south-africa-2021-22-1277070/south-africa-vs-bangladesh-2nd-odi-1277098/full-scorecard
U.A.E.,Nepal,U.A.E.,99 runs,Dubai (DSC),"Mar 21, 2022",4373,https://www.espncricinfo.com/series/world-cup-league-2-2019-2023-1196667/united-arab-emirates-vs-nepal-71st-match-1302627/full-scorecard
Nepal,P.N.G.,Nepal,7 wickets,Dubai (DSC),"Mar 22, 2022",4374,https://www.espncricinfo.com/series/world-cup-league-2-2019-2023-1196667/nepal-vs-papua-new-guinea-72nd-match-1302628/full-scorecard
South Africa,Bangladesh,Bangladesh,9 wickets,Centurion,"Mar 23, 2022",4375,https://www.espncricinfo.com/series/bangladesh-in-south-africa-2021-22-1277070/south-africa-vs-bangladesh-3rd-odi-1277099/full-scorecard
Nepal,P.N.G.,P.N.G.,6 runs,Kirtipur,"Mar 25, 2022",4376,https://www.espncricinfo.com/series/papua-new-guinea-in-nepal-2021-22-1305489/nepal-vs-papua-new-guinea-1st-odi-1305496/full-scorecard
Nepal,P.N.G.,P.N.G.,3 wickets,Kirtipur,"Mar 26, 2022",4377,https://www.espncricinfo.com/series/papua-new-guinea-in-nepal-2021-22-1305489/nepal-vs-papua-new-guinea-2nd-odi-1305497/full-scorecard
New Zealand,Netherlands,New Zealand,7 wickets,Mount Maunganui,"Mar 29, 2022",4378,https://www.espncricinfo.com/series/netherlands-in-new-zealand-2021-22-1288970/new-zealand-vs-netherlands-1st-odi-1288987/full-scorecard
Pakistan,Australia,Australia,88 runs,Lahore,"Mar 29, 2022",4379,https://www.espncricinfo.com/series/australia-in-pakistan-2021-22-1288300/pakistan-vs-australia-1st-odi-1288313/full-scorecard
Pakistan,Australia,Pakistan,6 wickets,Lahore,"Mar 31, 2022",4380,https://www.espncricinfo.com/series/australia-in-pakistan-2021-22-1288300/pakistan-vs-australia-2nd-odi-1288314/full-scorecard
New Zealand,Netherlands,New Zealand,118 runs,Hamilton,"Apr 2, 2022",4381,https://www.espncricinfo.com/series/netherlands-in-new-zealand-2021-22-1288970/new-zealand-vs-netherlands-2nd-odi-1288988/full-scorecard
Pakistan,Australia,Pakistan,9 wickets,Lahore,"Apr 2, 2022",4382,https://www.espncricinfo.com/series/australia-in-pakistan-2021-22-1288300/pakistan-vs-australia-3rd-odi-1288315/full-scorecard
New Zealand,Netherlands,New Zealand,115 runs,Hamilton,"Apr 4, 2022",4383,https://www.espncricinfo.com/series/netherlands-in-new-zealand-2021-22-1288970/new-zealand-vs-netherlands-3rd-odi-1288989/full-scorecard
P.N.G.,Scotland,Scotland,162 runs,Dubai (DSC),"Apr 9, 2022",4384,https://www.espncricinfo.com/series/world-cup-league-2-2019-2023-1196667/papua-new-guinea-vs-scotland-73rd-match-1308244/full-scorecard
Oman,Scotland,Scotland,4 runs,Dubai (DSC),"Apr 10, 2022",4385,https://www.espncricinfo.com/series/world-cup-league-2-2019-2023-1196667/oman-vs-scotland-74th-match-1308245/full-scorecard
Oman,P.N.G.,Oman,7 wickets,Dubai (DSC),"Apr 12, 2022",4386,https://www.espncricinfo.com/series/world-cup-league-2-2019-2023-1196667/oman-vs-papua-new-guinea-75th-match-1308246/full-scorecard
P.N.G.,Scotland,Scotland,123 runs,Dubai (DSC),"Apr 13, 2022",4387,https://www.espncricinfo.com/series/world-cup-league-2-2019-2023-1196667/papua-new-guinea-vs-scotland-76th-match-1308247/full-scorecard
Oman,Scotland,Scotland,2 wickets,Dubai (DSC),"Apr 15, 2022",4388,https://www.espncricinfo.com/series/world-cup-league-2-2019-2023-1196667/oman-vs-scotland-77th-match-1308248/full-scorecard
Oman,P.N.G.,Oman,85 runs,Dubai (DSC),"Apr 16, 2022",4389,https://www.espncricinfo.com/series/world-cup-league-2-2019-2023-1196667/oman-vs-papua-new-guinea-78th-match-1308249/full-scorecard
U.S.A.,Scotland,U.S.A.,104 runs,Pearland,"May 28, 2022",4390,https://www.espncricinfo.com/series/world-cup-league-2-2019-2023-1196667/united-states-of-america-vs-scotland-79th-match-1312798/full-scorecard
U.S.A.,Scotland,Scotland,111 runs,Pearland,"May 29, 2022",4391,https://www.espncricinfo.com/series/world-cup-league-2-2019-2023-1196667/united-states-of-america-vs-scotland-80th-match-1312799/full-scorecard
Netherlands,West Indies,West Indies,7 wickets,Amstelveen,"May 31, 2022",4392,https://www.espncricinfo.com/series/west-indies-in-netherlands-2022-1302346/netherlands-vs-west-indies-1st-odi-1302349/full-scorecard
Scotland,U.A.E.,Scotland,4 wickets,Pearland,"May 31, 2022",4393,https://www.espncricinfo.com/series/world-cup-league-2-2019-2023-1196667/scotland-vs-united-arab-emirates-81st-match-1312800/full-scorecard
U.S.A.,U.A.E.,U.S.A.,4 wickets,Pearland,"Jun 1, 2022",4394,https://www.espncricinfo.com/series/world-cup-league-2-2019-2023-1196667/united-states-of-america-vs-united-arab-emirates-82nd-match-1312801/full-scorecard
Netherlands,West Indies,West Indies,5 wickets,Amstelveen,"Jun 2, 2022",4395,https://www.espncricinfo.com/series/west-indies-in-netherlands-2022-1302346/netherlands-vs-west-indies-2nd-odi-1302350/full-scorecard
Scotland,U.A.E.,U.A.E.,5 wickets,Pearland,"Jun 3, 2022",4396,https://www.espncricinfo.com/series/world-cup-league-2-2019-2023-1196667/scotland-vs-united-arab-emirates-83rd-match-1312802/full-scorecard
Zimbabwe,Afghanistan,Afghanistan,60 runs,Harare,"Jun 4, 2022",4397,https://www.espncricinfo.com/series/afghanistan-in-zimbabwe-2022-1310918/zimbabwe-vs-afghanistan-1st-odi-1310943/full-scorecard
Netherlands,West Indies,West Indies,20 runs,Amstelveen,"Jun 4, 2022",4398,https://www.espncricinfo.com/series/west-indies-in-netherlands-2022-1302346/netherlands-vs-west-indies-3rd-odi-1302351/full-scorecard
U.S.A.,U.A.E.,U.A.E.,8 wickets,Pearland,"Jun 4, 2022",4399,https://www.espncricinfo.com/series/world-cup-league-2-2019-2023-1196667/united-states-of-america-vs-united-arab-emirates-84th-match-1312803/full-scorecard
Zimbabwe,Afghanistan,Afghanistan,8 wickets,Harare,"Jun 6, 2022",4400,https://www.espncricinfo.com/series/afghanistan-in-zimbabwe-2022-1310918/zimbabwe-vs-afghanistan-2nd-odi-1310944/full-scorecard
Pakistan,West Indies,Pakistan,5 wickets,Multan,"Jun 8, 2022",4401,https://www.espncricinfo.com/series/west-indies-in-pakistan-2022-1314914/pakistan-vs-west-indies-1st-odi-1315038/full-scorecard
U.S.A.,Oman,U.S.A.,114 runs,Pearland,"Jun 8, 2022",4402,https://www.espncricinfo.com/series/world-cup-league-2-2019-2023-1196667/united-states-of-america-vs-oman-85th-match-1312804/full-scorecard
Zimbabwe,Afghanistan,Afghanistan,4 wickets,Harare,"Jun 9, 2022",4403,https://www.espncricinfo.com/series/afghanistan-in-zimbabwe-2022-1310918/zimbabwe-vs-afghanistan-3rd-odi-1310945/full-scorecard
Nepal,Oman,Oman,13 runs,Pearland,"Jun 9, 2022",4404,https://www.espncricinfo.com/series/world-cup-league-2-2019-2023-1196667/nepal-vs-oman-86th-match-1312805/full-scorecard
Pakistan,West Indies,Pakistan,120 runs,Multan,"Jun 10, 2022",4405,https://www.espncricinfo.com/series/west-indies-in-pakistan-2022-1314914/pakistan-vs-west-indies-2nd-odi-1315039/full-scorecard
U.S.A.,Nepal,tied,-,Pearland,"Jun 11, 2022",4406,https://www.espncricinfo.com/series/world-cup-league-2-2019-2023-1196667/united-states-of-america-vs-nepal-87th-match-1312806/full-scorecard
Pakistan,West Indies,Pakistan,53 runs,Multan,"Jun 12, 2022",4407,https://www.espncricinfo.com/series/west-indies-in-pakistan-2022-1314914/pakistan-vs-west-indies-3rd-odi-1315040/full-scorecard
U.S.A.,Oman,Oman,13 runs,Pearland,"Jun 12, 2022",4408,https://www.espncricinfo.com/series/world-cup-league-2-2019-2023-1196667/united-states-of-america-vs-oman-88th-match-1312807/full-scorecard
Sri Lanka,Australia,Australia,2 wickets,Pallekele,"Jun 14, 2022",4409,https://www.espncricinfo.com/series/australia-in-sri-lanka-2022-1307289/sri-lanka-vs-australia-1st-odi-1307296/full-scorecard
Nepal,Oman,Nepal,7 wickets,Pearland,"Jun 14, 2022",4410,https://www.espncricinfo.com/series/world-cup-league-2-2019-2023-1196667/nepal-vs-oman-89th-match-1312808/full-scorecard
U.S.A.,Nepal,U.S.A.,39 runs,Pearland,"Jun 15, 2022",4411,https://www.espncricinfo.com/series/world-cup-league-2-2019-2023-1196667/united-states-of-america-vs-nepal-90th-match-1312809/full-scorecard
Sri Lanka,Australia,Sri Lanka,26 runs,Pallekele,"Jun 16, 2022",4412,https://www.espncricinfo.com/series/australia-in-sri-lanka-2022-1307289/sri-lanka-vs-australia-2nd-odi-1307297/full-scorecard
Netherlands,England,England,232 runs,Amstelveen,"Jun 17, 2022",4413,https://www.espncricinfo.com/series/england-in-netherlands-2022-1281442/netherlands-vs-england-1st-odi-1281444/full-scorecard
Netherlands,England,England,6 wickets,Amstelveen,"Jun 19, 2022",4414,https://www.espncricinfo.com/series/england-in-netherlands-2022-1281442/netherlands-vs-england-2nd-odi-1281445/full-scorecard
Sri Lanka,Australia,Sri Lanka,6 wickets,Colombo (RPS),"Jun 19, 2022",4415,https://www.espncricinfo.com/series/australia-in-sri-lanka-2022-1307289/sri-lanka-vs-australia-3rd-odi-1307298/full-scorecard
Sri Lanka,Australia,Sri Lanka,4 runs,Colombo (RPS),"Jun 21, 2022",4416,https://www.espncricinfo.com/series/australia-in-sri-lanka-2022-1307289/sri-lanka-vs-australia-4th-odi-1307299/full-scorecard
Netherlands,England,England,8 wickets,Amstelveen,"Jun 22, 2022",4417,https://www.espncricinfo.com/series/england-in-netherlands-2022-1281442/netherlands-vs-england-3rd-odi-1281446/full-scorecard
Sri Lanka,Australia,Australia,4 wickets,Colombo (RPS),"Jun 24, 2022",4418,https://www.espncricinfo.com/series/australia-in-sri-lanka-2022-1307289/sri-lanka-vs-australia-5th-odi-1307300/full-scorecard
Ireland,New Zealand,New Zealand,1 wicket,Dublin (Malahide),"Jul 10, 2022",4419,https://www.espncricinfo.com/series/new-zealand-in-ireland-2022-1307472/ireland-vs-new-zealand-1st-odi-1303309/full-scorecard
Scotland,Namibia,Scotland,77 runs,Glasgow,"Jul 10, 2022",4420,https://www.espncricinfo.com/series/world-cup-league-2-2019-2023-1196667/scotland-vs-namibia-91st-match-1322030/full-scorecard
West Indies,Bangladesh,Bangladesh,6 wickets,Providence,"Jul 10, 2022",4421,https://www.espncricinfo.com/series/bangladesh-tour-of-west-indies-2022-1317143/west-indies-vs-bangladesh-1st-odi-1317152/full-scorecard
Namibia,Nepal,Namibia,40 runs,Ayr,"Jul 11, 2022",4422,https://www.espncricinfo.com/series/world-cup-league-2-2019-2023-1196667/namibia-vs-nepal-92nd-match-1322031/full-scorecard
Ireland,New Zealand,New Zealand,3 wickets,Dublin (Malahide),"Jul 12, 2022",4423,https://www.espncricinfo.com/series/new-zealand-in-ireland-2022-1307472/ireland-vs-new-zealand-2nd-odi-1303310/full-scorecard
England,India,India,10 wickets,The Oval,"Jul 12, 2022",4424,https://www.espncricinfo.com/series/india-in-england-2022-1276893/england-vs-india-1st-odi-1276907/full-scorecard
Scotland,Nepal,Nepal,5 wickets,Glasgow,"Jul 13, 2022",4425,https://www.espncricinfo.com/series/world-cup-league-2-2019-2023-1196667/scotland-vs-nepal-93rd-match-1322032/full-scorecard
West Indies,Bangladesh,Bangladesh,9 wickets,Providence,"Jul 13, 2022",4426,https://www.espncricinfo.com/series/bangladesh-tour-of-west-indies-2022-1317143/west-indies-vs-bangladesh-2nd-odi-1317153/full-scorecard
Scotland,Namibia,Scotland,3 wickets,Glasgow,"Jul 14, 2022",4427,https://www.espncricinfo.com/series/world-cup-league-2-2019-2023-1196667/scotland-vs-namibia-94th-match-1322033/full-scorecard
England,India,England,100 runs,Lord's,"Jul 14, 2022",4428,https://www.espncricinfo.com/series/india-in-england-2022-1276893/england-vs-india-2nd-odi-1276908/full-scorecard
Ireland,New Zealand,New Zealand,1 run,Dublin (Malahide),"Jul 15, 2022",4429,https://www.espncricinfo.com/series/new-zealand-in-ireland-2022-1307472/ireland-vs-new-zealand-3rd-odi-1303311/full-scorecard
Namibia,Nepal,Namibia,63 runs,Ayr,"Jul 16, 2022",4430,https://www.espncricinfo.com/series/world-cup-league-2-2019-2023-1196667/namibia-vs-nepal-95th-match-1322034/full-scorecard
West Indies,Bangladesh,Bangladesh,4 wickets,Providence,"Jul 16, 2022",4431,https://www.espncricinfo.com/series/bangladesh-tour-of-west-indies-2022-1317143/west-indies-vs-bangladesh-3rd-odi-1317154/full-scorecard
Scotland,Nepal,Scotland,8 wickets,Glasgow,"Jul 17, 2022",4432,https://www.espncricinfo.com/series/world-cup-league-2-2019-2023-1196667/scotland-vs-nepal-96th-match-1322035/full-scorecard
England,India,India,5 wickets,Manchester,"Jul 17, 2022",4433,https://www.espncricinfo.com/series/india-in-england-2022-1276893/england-vs-india-3rd-odi-1276909/full-scorecard
England,South Africa,South Africa,62 runs,Chester-le-Street,"Jul 19, 2022",4434,https://www.espncricinfo.com/series/south-africa-in-england-2022-1276896/england-vs-south-africa-1st-odi-1276910/full-scorecard
England,South Africa,England,118 runs,Manchester,"Jul 22, 2022",4435,https://www.espncricinfo.com/series/south-africa-in-england-2022-1276896/england-vs-south-africa-2nd-odi-1276911/full-scorecard
West Indies,India,India,3 runs,Port of Spain,"Jul 22, 2022",4436,https://www.espncricinfo.com/series/india-in-west-indies-2022-1317885/west-indies-vs-india-1st-odi-1317900/full-scorecard
England,South Africa,no result,-,Leeds,"Jul 24, 2022",4437,https://www.espncricinfo.com/series/south-africa-in-england-2022-1276896/england-vs-south-africa-3rd-odi-1276912/full-scorecard
West Indies,India,India,2 wickets,Port of Spain,"Jul 24, 2022",4438,https://www.espncricinfo.com/series/india-in-west-indies-2022-1317885/west-indies-vs-india-2nd-odi-1317901/full-scorecard
West Indies,India,India,119 runs,Port of Spain,"Jul 27, 2022",4439,https://www.espncricinfo.com/series/india-in-west-indies-2022-1317885/west-indies-vs-india-3rd-odi-1317902/full-scorecard
Scotland,New Zealand,New Zealand,7 wickets,Edinburgh,"Jul 31, 2022",4440,https://www.espncricinfo.com/series/new-zealand-in-scotland-2022-1311224/scotland-vs-new-zealand-only-odi-1307479/full-scorecard
Zimbabwe,Bangladesh,Zimbabwe,5 wickets,Harare,"Aug 5, 2022",4441,https://www.espncricinfo.com/series/bangladesh-in-zimbabwe-2022-1323288/zimbabwe-vs-bangladesh-1st-odi-1323292/full-scorecard
Zimbabwe,Bangladesh,Zimbabwe,5 wickets,Harare,"Aug 7, 2022",4442,https://www.espncricinfo.com/series/bangladesh-in-zimbabwe-2022-1323288/zimbabwe-vs-bangladesh-2nd-odi-1323293/full-scorecard
Zimbabwe,Bangladesh,Bangladesh,105 runs,Harare,"Aug 10, 2022",4443,https://www.espncricinfo.com/series/bangladesh-in-zimbabwe-2022-1323288/zimbabwe-vs-bangladesh-3rd-odi-1323294/full-scorecard
Scotland,U.A.E.,Scotland,64 runs,Aberdeen,"Aug 10, 2022",4444,https://www.espncricinfo.com/series/world-cup-league-2-2019-2023-1196667/scotland-vs-united-arab-emirates-97th-match-1322036/full-scorecard
U.A.E.,U.S.A.,U.S.A.,1 wicket,Aberdeen,"Aug 11, 2022",4445,https://www.espncricinfo.com/series/world-cup-league-2-2019-2023-1196667/united-arab-emirates-vs-united-states-of-america-98th-match-1322037/full-scorecard
Scotland,U.S.A.,Scotland,5 wickets,Aberdeen,"Aug 13, 2022",4446,https://www.espncricinfo.com/series/world-cup-league-2-2019-2023-1196667/scotland-vs-united-states-of-america-99th-match-1322038/full-scorecard
Scotland,U.A.E.,Scotland,86 runs,Aberdeen,"Aug 14, 2022",4447,https://www.espncricinfo.com/series/world-cup-league-2-2019-2023-1196667/scotland-vs-united-arab-emirates-100th-match-1322039/full-scorecard
Netherlands,Pakistan,Pakistan,16 runs,Rotterdam,"Aug 16, 2022",4448,https://www.espncricinfo.com/series/pakistan-in-netherlands-2022-1311730/netherlands-vs-pakistan-1st-odi-1311737/full-scorecard
Scotland,U.S.A.,U.S.A.,2 wickets,Aberdeen,"Aug 17, 2022",4449,https://www.espncricinfo.com/series/world-cup-league-2-2019-2023-1196667/scotland-vs-united-states-of-america-102nd-match-1322041/full-scorecard
West Indies,New Zealand,West Indies,5 wickets,Bridgetown,"Aug 17, 2022",4450,https://www.espncricinfo.com/series/new-zealand-tour-of-west-indies-2022-1317888/west-indies-vs-new-zealand-1st-odi-1317911/full-scorecard
Zimbabwe,India,India,10 wickets,Harare,"Aug 18, 2022",4451,https://www.espncricinfo.com/series/india-in-zimbabwe-2022-1325547/zimbabwe-vs-india-1st-odi-1325549/full-scorecard
Netherlands,Pakistan,Pakistan,7 wickets,Rotterdam,"Aug 18, 2022",4452,https://www.espncricinfo.com/series/pakistan-in-netherlands-2022-1311730/netherlands-vs-pakistan-2nd-odi-1311738/full-scorecard
West Indies,New Zealand,New Zealand,50 runs,Bridgetown,"Aug 19, 2022",4453,https://www.espncricinfo.com/series/new-zealand-tour-of-west-indies-2022-1317888/west-indies-vs-new-zealand-2nd-odi-1317912/full-scorecard
Zimbabwe,India,India,5 wickets,Harare,"Aug 20, 2022",4454,https://www.espncricinfo.com/series/india-in-zimbabwe-2022-1325547/zimbabwe-vs-india-2nd-odi-1325550/full-scorecard
Netherlands,Pakistan,Pakistan,9 runs,Rotterdam,"Aug 21, 2022",4455,https://www.espncricinfo.com/series/pakistan-in-netherlands-2022-1311730/netherlands-vs-pakistan-3rd-odi-1311739/full-scorecard
West Indies,New Zealand,New Zealand,5 wickets,Bridgetown,"Aug 21, 2022",4456,https://www.espncricinfo.com/series/new-zealand-tour-of-west-indies-2022-1317888/west-indies-vs-new-zealand-3rd-odi-1317913/full-scorecard
Zimbabwe,India,India,13 runs,Harare,"Aug 22, 2022",4457,https://www.espncricinfo.com/series/india-in-zimbabwe-2022-1325547/zimbabwe-vs-india-3rd-odi-1325551/full-scorecard
Australia,Zimbabwe,Australia,5 wickets,Townsville,"Aug 28, 2022",4458,https://www.espncricinfo.com/series/zimbabwe-in-australia-2022-1317456/australia-vs-zimbabwe-1st-odi-1317476/full-scorecard
Australia,Zimbabwe,Australia,8 wickets,Townsville,"Aug 31, 2022",4459,https://www.espncricinfo.com/series/zimbabwe-in-australia-2022-1317456/australia-vs-zimbabwe-2nd-odi-1317477/full-scorecard
Australia,Zimbabwe,Zimbabwe,3 wickets,Townsville,"Sep 3, 2022",4460,https://www.espncricinfo.com/series/zimbabwe-in-australia-2022-1317456/australia-vs-zimbabwe-3rd-odi-1317478/full-scorecard
Australia,New Zealand,Australia,2 wickets,Cairns,"Sep 6, 2022",4461,https://www.espncricinfo.com/series/new-zealand-in-australia-2022-1317459/australia-vs-new-zealand-1st-odi-1317479/full-scorecard
Australia,New Zealand,Australia,113 runs,Cairns,"Sep 8, 2022",4462,https://www.espncricinfo.com/series/new-zealand-in-australia-2022-1317459/australia-vs-new-zealand-2nd-odi-1317480/full-scorecard
P.N.G.,U.S.A.,tied,-,Port Moresby,"Sep 11, 2022",4463,https://www.espncricinfo.com/series/world-cup-league-2-2019-2023-1196667/papua-new-guinea-vs-united-states-of-america-103rd-match-1331365/full-scorecard
Australia,New Zealand,Australia,25 runs,Cairns,"Sep 11, 2022",4464,https://www.espncricinfo.com/series/new-zealand-in-australia-2022-1317459/australia-vs-new-zealand-3rd-odi-1317481/full-scorecard
P.N.G.,U.S.A.,P.N.G.,26 runs,Port Moresby,"Sep 13, 2022",4465,https://www.espncricinfo.com/series/world-cup-league-2-2019-2023-1196667/papua-new-guinea-vs-united-states-of-america-104th-match-1331366/full-scorecard
Namibia,U.S.A.,Namibia,79 runs,Port Moresby,"Sep 15, 2022",4466,https://www.espncricinfo.com/series/world-cup-league-2-2019-2023-1196667/namibia-vs-united-states-of-america-105th-match-1331367/full-scorecard
Namibia,U.S.A.,Namibia,68 runs,Port Moresby,"Sep 17, 2022",4467,https://www.espncricinfo.com/series/world-cup-league-2-2019-2023-1196667/namibia-vs-united-states-of-america-106th-match-1331368/full-scorecard
P.N.G.,Namibia,Namibia,167 runs,Port Moresby,"Sep 20, 2022",4468,https://www.espncricinfo.com/series/world-cup-league-2-2019-2023-1196667/papua-new-guinea-vs-namibia-107th-match-1331369/full-scorecard
P.N.G.,Namibia,Namibia,61 runs,Port Moresby,"Sep 21, 2022",4469,https://www.espncricinfo.com/series/world-cup-league-2-2019-2023-1196667/papua-new-guinea-vs-namibia-108th-match-1331370/full-scorecard
India,South Africa,South Africa,9 runs,Lucknow,"Oct 6, 2022",4470,https://www.espncricinfo.com/series/south-africa-in-india-2022-23-1327499/india-vs-south-africa-1st-odi-1327509/full-scorecard
India,South Africa,India,7 wickets,Ranchi,"Oct 9, 2022",4471,https://www.espncricinfo.com/series/south-africa-in-india-2022-23-1327499/india-vs-south-africa-2nd-odi-1327510/full-scorecard
India,South Africa,India,7 wickets,Delhi,"Oct 11, 2022",4472,https://www.espncricinfo.com/series/south-africa-in-india-2022-23-1327499/india-vs-south-africa-3rd-odi-1327511/full-scorecard
Nepal,U.A.E.,U.A.E.,84 runs,Kirtipur,"Nov 14, 2022",4473,https://www.espncricinfo.com/series/united-arab-emirates-in-nepal-2022-23-1343512/nepal-vs-united-arab-emirates-1st-odi-1343683/full-scorecard
Nepal,U.A.E.,Nepal,3 wickets,Kirtipur,"Nov 16, 2022",4474,https://www.espncricinfo.com/series/united-arab-emirates-in-nepal-2022-23-1343512/nepal-vs-united-arab-emirates-2nd-odi-1343684/full-scorecard
Australia,England,Australia,6 wickets,Adelaide,"Nov 17, 2022",4475,https://www.espncricinfo.com/series/england-in-australia-2022-23-1317467/australia-vs-england-1st-odi-1317489/full-scorecard
Nepal,U.A.E.,Nepal,6 wickets,Kirtipur,"Nov 18, 2022",4476,https://www.espncricinfo.com/series/united-arab-emirates-in-nepal-2022-23-1343512/nepal-vs-united-arab-emirates-3rd-odi-1343685/full-scorecard
Australia,England,Australia,72 runs,Sydney,"Nov 19, 2022",4477,https://www.espncricinfo.com/series/england-in-australia-2022-23-1317467/australia-vs-england-2nd-odi-1317490/full-scorecard
Namibia,P.N.G.,Namibia,8 wickets,Windhoek,"Nov 19, 2022",4478,https://www.espncricinfo.com/series/world-cup-league-2-2019-2023-1196667/namibia-vs-papua-new-guinea-109th-match-1341969/full-scorecard
Namibia,U.S.A.,U.S.A.,71 runs,Windhoek,"Nov 20, 2022",4479,https://www.espncricinfo.com/series/world-cup-league-2-2019-2023-1196667/namibia-vs-united-states-of-america-110th-match-1341970/full-scorecard
Australia,England,Australia,221 runs,Melbourne,"Nov 22, 2022",4480,https://www.espncricinfo.com/series/england-in-australia-2022-23-1317467/australia-vs-england-3rd-odi-1317491/full-scorecard
P.N.G.,U.S.A.,U.S.A.,6 wickets,Windhoek,"Nov 22, 2022",4481,https://www.espncricinfo.com/series/world-cup-league-2-2019-2023-1196667/papua-new-guinea-vs-united-states-of-america-111th-match-1341971/full-scorecard
Namibia,P.N.G.,Namibia,3 wickets,Windhoek,"Nov 23, 2022",4482,https://www.espncricinfo.com/series/world-cup-league-2-2019-2023-1196667/namibia-vs-papua-new-guinea-112th-match-1341972/full-scorecard
New Zealand,India,New Zealand,7 wickets,Auckland,"Nov 25, 2022",4483,https://www.espncricinfo.com/series/india-in-new-zealand-2022-23-1322272/new-zealand-vs-india-1st-odi-1322278/full-scorecard
P.N.G.,U.S.A.,U.S.A.,35 runs,Windhoek,"Nov 25, 2022",4484,https://www.espncricinfo.com/series/world-cup-league-2-2019-2023-1196667/papua-new-guinea-vs-united-states-of-america-113th-match-1341973/full-scorecard
Sri Lanka,Afghanistan,Afghanistan,60 runs,Pallekele,"Nov 25, 2022",4485,https://www.espncricinfo.com/series/afghanistan-in-sri-lanka-2022-23-1340530/sri-lanka-vs-afghanistan-1st-odi-1340532/full-scorecard
Namibia,U.S.A.,Namibia,6 wickets,Windhoek,"Nov 26, 2022",4486,https://www.espncricinfo.com/series/world-cup-league-2-2019-2023-1196667/namibia-vs-united-states-of-america-114th-match-1341974/full-scorecard
New Zealand,India,no result,-,Hamilton,"Nov 27, 2022",4487,https://www.espncricinfo.com/series/india-in-new-zealand-2022-23-1322272/new-zealand-vs-india-2nd-odi-1322279/full-scorecard
Sri Lanka,Afghanistan,no result,-,Pallekele,"Nov 27, 2022",4488,https://www.espncricinfo.com/series/afghanistan-in-sri-lanka-2022-23-1340530/sri-lanka-vs-afghanistan-2nd-odi-1340533/full-scorecard
New Zealand,India,no result,-,Christchurch,"Nov 30, 2022",4489,https://www.espncricinfo.com/series/india-in-new-zealand-2022-23-1322272/new-zealand-vs-india-3rd-odi-1322280/full-scorecard
Sri Lanka,Afghanistan,Sri Lanka,4 wickets,Pallekele,"Nov 30, 2022",4490,https://www.espncricinfo.com/series/afghanistan-in-sri-lanka-2022-23-1340530/sri-lanka-vs-afghanistan-3rd-odi-1340534/full-scorecard
Namibia,Scotland,Scotland,4 wickets,Windhoek,"Dec 1, 2022",4491,https://www.espncricinfo.com/series/world-cup-league-2-2019-2023-1196667/namibia-vs-scotland-115th-match-1341975/full-scorecard
Namibia,Nepal,no result,-,Windhoek,"Dec 2, 2022",4492,https://www.espncricinfo.com/series/world-cup-league-2-2019-2023-1196667/namibia-vs-nepal-116th-match-1341976/full-scorecard
Bangladesh,India,Bangladesh,1 wicket,Mirpur,"Dec 4, 2022",4493,https://www.espncricinfo.com/series/india-in-bangladesh-2022-23-1340842/bangladesh-vs-india-1st-odi-1340845/full-scorecard
Nepal,Scotland,Scotland,3 wickets,Windhoek,"Dec 4, 2022",4494,https://www.espncricinfo.com/series/world-cup-league-2-2019-2023-1196667/nepal-vs-scotland-117th-match-1341977/full-scorecard
Namibia,Scotland,Namibia,3 wickets,Windhoek,"Dec 5, 2022",4495,https://www.espncricinfo.com/series/world-cup-league-2-2019-2023-1196667/namibia-vs-scotland-118th-match-1341978/full-scorecard
Bangladesh,India,Bangladesh,5 runs,Mirpur,"Dec 7, 2022",4496,https://www.espncricinfo.com/series/india-in-bangladesh-2022-23-1340842/bangladesh-vs-india-2nd-odi-1340846/full-scorecard
Namibia,Nepal,Namibia,86 runs,Windhoek,"Dec 7, 2022",4497,https://www.espncricinfo.com/series/world-cup-league-2-2019-2023-1196667/namibia-vs-nepal-119th-match-1341979/full-scorecard
Nepal,Scotland,Scotland,8 wickets,Windhoek,"Dec 8, 2022",4498,https://www.espncricinfo.com/series/world-cup-league-2-2019-2023-1196667/nepal-vs-scotland-120th-match-1341980/full-scorecard
Bangladesh,India,India,227 runs,Chattogram,"Dec 10, 2022",4499,https://www.espncricinfo.com/series/india-in-bangladesh-2022-23-1340842/bangladesh-vs-india-3rd-odi-1340847/full-scorecard
